Feature,Importance
hsa-miR-6836-3p,0.24265929116174176
hsa-miR-1185-1-3p,0.12400530388284783
hsa-miR-1343-3p,0.10912783459634341
hsa-miR-4783-3p,0.09668628037069915
hsa-miR-4787-3p,0.08310131461983099
hsa-miR-6717-5p,0.08089462437479605
hsa-miR-6736-5p,0.07162567283768223
hsa-miR-17-3p,0.06781283834823537
hsa-miR-3160-5p,0.06586201054080504
hsa-miR-221-3p,0.058224829267018226
